{
    "id": "demo",
    "appName": "Club Demo",
    "shortName": "Club Demo",
    "description": "Programa de fidelización de Demo",
    "companyName": "Empresa Demo S.A.",
    "logoUrl": "images/mi_logo.png",
    "vapidPublic": "BF-KoL99dP_eOzjYisObou-0jHHayo4QNKAcqRWDAPLYSspsNWvCSyY3H4gJd2hF3g8TRDchT0JrxM-4RGf7Lv4",
    "theme": {
        "primary": "#e11d48",
        "secondary": "#1f2937",
        "background": "#ffffff"
    },
    "pwa": {
        "startUrl": "/",
        "scope": "/",
        "display": "standalone",
        "icons": [
            {
                "src": "images/mi_logo_192.png",
                "sizes": "192x192",
                "type": "image/png"
            },
            {
                "src": "images/mi_logo_512.png",
                "sizes": "512x512",
                "type": "image/png"
            }
        ],
        "gcmSenderId": "103953800507"
    },
    "features": {
        "showPoweredBy": true,
        "geoCooldownDays": 30
    },
    "featureFlags": {
        "useCreateUserAPI": true
    },
    "firebase": {
        "apiKey": "AIzaSyAvBw_Cc-t8lfip_FtQ1w_w3DrPDYpxINs",
        "authDomain": "sistema-fidelizacion.firebaseapp.com",
        "projectId": "sistema-fidelizacion",
        "storageBucket": "sistema-fidelizacion.appspot.com",
        "messagingSenderId": "357176214962",
        "appId": "1:357176214962:web:6c1df9b74ff0f3779490ab"
    }
}