{
    "id": "rampet",
    "appName": "Club RAMPET",
    "shortName": "Club RAMPET",
    "description": "Programa de fidelización de RAMPET",
    "companyName": "RAMPET",
    "logoUrl": "images/mi_logo.png",
    "apiUrl": "https://fidelidad-api.vercel.app",
    "theme": {
        "primary": "#007bff",
        "secondary": "#333333",
        "background": "#f0f2f5"
    },
    "features": {
        "showPoweredBy": true,
        "geoCooldownDays": 30
    },
    "featureFlags": {
        "useCreateUserAPI": true
    },
    "vapidPublic": "BF-KoL99dP_eOzjYisObou-0jHHayo4QNKAcqRWDAPLYSspsNWvCSyY3H4gJd2hF3g8TRDchT0JrxM-4RGf7Lv4",
    "firebase": {
        "apiKey": "AIzaSyAvBw_Cc-t8lfip_FtQ1w_w3DrPDYpxINs",
        "authDomain": "sistema-fidelizacion.firebaseapp.com",
        "projectId": "sistema-fidelizacion",
        "storageBucket": "sistema-fidelizacion.appspot.com",
        "messagingSenderId": "357176214962",
        "appId": "1:357176214962:web:6c1df9b74ff0f3779490ab"
    },
    "pwa": {
        "startUrl": ".",
        "scope": "/",
        "display": "standalone",
        "icons": [
            {
                "src": "images/mi_logo_192.png",
                "type": "image/png",
                "sizes": "192x192",
                "purpose": "any maskable"
            },
            {
                "src": "images/mi_logo_512.png",
                "type": "image/png",
                "sizes": "512x512",
                "purpose": "any maskable"
            }
        ],
        "gcmSenderId": "103953800507"
    }
}